<step title="Incoming Request" date="2025-09-12T10:21:02.499" instance="92ca53" url="/api/deployments/10bcb8202a75bfcef08dbbdc7b5f2692abf759ee1757672461709" method="PUT" type="request" pid="10080,2,19" Content-Length="312" Content-Type="application/json; charset=utf-8" Authorization="Bea..." Host="golf-n-vibes-spree.scm.azurewebsites.net" User-Agent="GITHUBACTIONS_DeployWebAppToAzure_4ecb4ab1cbb8eb2e83bf90da032e16866c1f1a44d703668eebe37f8dd2a57d9c" X-ARR-LOG-ID="684c772d-d449-45e7-a418-90fe27e20525" CLIENT-IP="4.227.135.147:36864" X-SITE-DEPLOYMENT-ID="golf-n-vibes-spree" WAS-DEFAULT-HOSTNAME="golf-n-vibes-spree.scm.azurewebsites.net" X-Forwarded-Proto="https" X-AppService-Proto="https" X-Forwarded-TlsVersion="1.3" X-WAWS-Unencoded-URL="/api/deployments/10bcb8202a75bfcef08dbbdc7b5f2692abf759ee1757672461709" >
  <step title="Cleanup Xml Logs" date="2025-09-12T10:21:02.499" /><!-- duration: 16ms -->
  <step title="DeploymentService.Deploy(id)" date="2025-09-12T10:21:02.687" >
    <step title="Updating shutdown sentinel last write time" date="2025-09-12T10:21:02.687" SemaphoreCount="7" /><!-- duration: 16ms -->
    <step title="LockFile &apos;C:\home\site\locks\deployments.lock&apos; acquired" date="2025-09-12T10:21:02.703" /><!-- duration: 0ms -->
    <step title="DeploymentService.Create(id)" date="2025-09-12T10:21:02.718" /><!-- duration: 47ms -->
    <step title="LockFile &apos;C:\home\site\locks\deployments.lock&apos; released" date="2025-09-12T10:21:02.781" /><!-- duration: 0ms -->
    <step title="Deleting shutdown sentinel file" date="2025-09-12T10:21:02.781" SemaphoreCount="8" /><!-- duration: 0ms -->
  </step><!-- duration: 94ms -->
  <step title="Outgoing response" date="2025-09-12T10:21:02.812" type="response" statusCode="200" statusText="OK" Server="Microsoft-IIS/10.0" x-ms-request-id="684c772d-d449-45e7-a418-90fe27e20525" Cache-Control="private" X-AspNet-Version="4.0.30319" Content-Type="application/json; charset=utf-8" /><!-- duration: 16ms -->
</step><!-- duration: 328ms -->
