<step title="Incoming Request" date="2025-09-12T08:50:12.634" instance="92ca53" url="/api/deployments/58a0db5527b6dc59a814cccececefbf7625948a21757667011263" method="PUT" type="request" pid="10420,2,46" Content-Length="312" Content-Type="application/json; charset=utf-8" Authorization="Bea..." Host="golf-n-vibes-spree.scm.azurewebsites.net" User-Agent="GITHUBACTIONS_DeployWebAppToAzure_4ecb4ab1cbb8eb2e83bf90da032e16866c1f1a44d703668eebe37f8dd2a57d9c" X-ARR-LOG-ID="01cfb604-3132-4474-8e50-86a87e141347" CLIENT-IP="172.182.225.88:62464" X-SITE-DEPLOYMENT-ID="golf-n-vibes-spree" WAS-DEFAULT-HOSTNAME="golf-n-vibes-spree.scm.azurewebsites.net" X-Forwarded-Proto="https" X-AppService-Proto="https" X-Forwarded-TlsVersion="1.3" X-WAWS-Unencoded-URL="/api/deployments/58a0db5527b6dc59a814cccececefbf7625948a21757667011263" >
  <step title="Cleanup Xml Logs" date="2025-09-12T08:50:12.634" /><!-- duration: 0ms -->
  <step title="DeploymentService.Deploy(id)" date="2025-09-12T08:50:12.649" >
    <step title="Updating shutdown sentinel last write time" date="2025-09-12T08:50:12.649" SemaphoreCount="7" /><!-- duration: 0ms -->
    <step title="LockFile &apos;C:\home\site\locks\deployments.lock&apos; acquired" date="2025-09-12T08:50:12.649" /><!-- duration: 0ms -->
    <step title="DeploymentService.Create(id)" date="2025-09-12T08:50:12.649" /><!-- duration: 31ms -->
    <step title="LockFile &apos;C:\home\site\locks\deployments.lock&apos; released" date="2025-09-12T08:50:12.681" /><!-- duration: 0ms -->
    <step title="Deleting shutdown sentinel file" date="2025-09-12T08:50:12.696" SemaphoreCount="8" /><!-- duration: 0ms -->
  </step><!-- duration: 47ms -->
  <step title="Outgoing response" date="2025-09-12T08:50:12.696" type="response" statusCode="200" statusText="OK" Server="Microsoft-IIS/10.0" x-ms-request-id="01cfb604-3132-4474-8e50-86a87e141347" Cache-Control="private" X-AspNet-Version="4.0.30319" Content-Type="application/json; charset=utf-8" /><!-- duration: 0ms -->
</step><!-- duration: 62ms -->
