<step title="Incoming Request" date="2025-09-12T08:31:38.018" instance="92ca53" url="/api/deployments/6665a3ab29da275281e9e0a67fb1a4b822fc8e641757665895528" method="PUT" type="request" pid="10420,2,9" Connection="Keep-Alive" Content-Length="312" Content-Type="application/json; charset=utf-8" Authorization="Bea..." Host="golf-n-vibes-spree.scm.azurewebsites.net" User-Agent="GITHUBACTIONS_DeployWebAppToAzure_4ecb4ab1cbb8eb2e83bf90da032e16866c1f1a44d703668eebe37f8dd2a57d9c" X-ARR-LOG-ID="e0b67d41-19e8-46e5-b296-a9e4fe13e920" CLIENT-IP="52.159.226.243:43032" X-SITE-DEPLOYMENT-ID="golf-n-vibes-spree" WAS-DEFAULT-HOSTNAME="golf-n-vibes-spree.scm.azurewebsites.net" X-Forwarded-Proto="https" X-AppService-Proto="https" X-Forwarded-TlsVersion="1.3" X-WAWS-Unencoded-URL="/api/deployments/6665a3ab29da275281e9e0a67fb1a4b822fc8e641757665895528" X-MS-COLDSTART="1" >
  <step title="DeploymentService.Deploy(id)" date="2025-09-12T08:31:38.253" >
    <step title="Updating shutdown sentinel last write time" date="2025-09-12T08:31:38.284" SemaphoreCount="7" /><!-- duration: 0ms -->
    <step title="LockFile &apos;C:\home\site\locks\deployments.lock&apos; acquired" date="2025-09-12T08:31:38.300" /><!-- duration: 0ms -->
    <step title="DeploymentService.Create(id)" date="2025-09-12T08:31:38.300" /><!-- duration: 62ms -->
    <step title="LockFile &apos;C:\home\site\locks\deployments.lock&apos; released" date="2025-09-12T08:31:38.362" /><!-- duration: 0ms -->
    <step title="Deleting shutdown sentinel file" date="2025-09-12T08:31:38.362" SemaphoreCount="8" /><!-- duration: 0ms -->
  </step><!-- duration: 109ms -->
  <step title="Outgoing response" date="2025-09-12T08:31:38.409" type="response" statusCode="200" statusText="OK" Server="Microsoft-IIS/10.0" x-ms-request-id="e0b67d41-19e8-46e5-b296-a9e4fe13e920" Cache-Control="private" X-AspNet-Version="4.0.30319" Content-Type="application/json; charset=utf-8" /><!-- duration: 0ms -->
</step><!-- duration: 391ms -->
