<step title="Incoming Request" date="2025-09-12T07:58:19.251" instance="92ca53" url="/api/deployments/d3b10eef60100aa8ebbf113a938527b9b64e46ec1757663896886" method="PUT" type="request" pid="3888,2,8" Connection="Keep-Alive" Content-Length="312" Content-Type="application/json; charset=utf-8" Authorization="Bea..." Host="golf-n-vibes-spree.scm.azurewebsites.net" User-Agent="GITHUBACTIONS_DeployWebAppToAzure_4ecb4ab1cbb8eb2e83bf90da032e16866c1f1a44d703668eebe37f8dd2a57d9c" X-ARR-LOG-ID="61d158b0-6045-441d-a387-7dc6eea5f4cd" CLIENT-IP="20.161.30.195:26648" X-SITE-DEPLOYMENT-ID="golf-n-vibes-spree" WAS-DEFAULT-HOSTNAME="golf-n-vibes-spree.scm.azurewebsites.net" X-Forwarded-Proto="https" X-AppService-Proto="https" X-Forwarded-TlsVersion="1.3" X-WAWS-Unencoded-URL="/api/deployments/d3b10eef60100aa8ebbf113a938527b9b64e46ec1757663896886" X-MS-COLDSTART="1" >
  <step title="DeploymentService.Deploy(id)" date="2025-09-12T07:58:19.485" >
    <step title="Updating shutdown sentinel last write time" date="2025-09-12T07:58:19.516" SemaphoreCount="7" /><!-- duration: 0ms -->
    <step title="LockFile &apos;C:\home\site\locks\deployments.lock&apos; acquired" date="2025-09-12T07:58:19.516" /><!-- duration: 0ms -->
    <step title="DeploymentService.Create(id)" date="2025-09-12T07:58:19.532" /><!-- duration: 47ms -->
    <step title="LockFile &apos;C:\home\site\locks\deployments.lock&apos; released" date="2025-09-12T07:58:19.579" /><!-- duration: 0ms -->
    <step title="Deleting shutdown sentinel file" date="2025-09-12T07:58:19.595" SemaphoreCount="8" /><!-- duration: 0ms -->
  </step><!-- duration: 109ms -->
  <step title="Outgoing response" date="2025-09-12T07:58:19.626" type="response" statusCode="200" statusText="OK" Server="Microsoft-IIS/10.0" x-ms-request-id="61d158b0-6045-441d-a387-7dc6eea5f4cd" Cache-Control="private" X-AspNet-Version="4.0.30319" Content-Type="application/json; charset=utf-8" /><!-- duration: 0ms -->
</step><!-- duration: 375ms -->
