<step title="Incoming Request" date="2025-09-12T10:51:39.572" instance="92ca53" url="/api/deployments/30409a3e9f4d2082dc7ee176bcf9aa286d6fde031757674296943" method="PUT" type="request" pid="13300,2,8" Connection="Keep-Alive" Content-Length="312" Content-Type="application/json; charset=utf-8" Authorization="Bea..." Host="golf-n-vibes-spree.scm.azurewebsites.net" User-Agent="GITHUBACTIONS_DeployWebAppToAzure_4ecb4ab1cbb8eb2e83bf90da032e16866c1f1a44d703668eebe37f8dd2a57d9c" X-ARR-LOG-ID="7794e958-f195-42b5-844e-a63350eafb04" CLIENT-IP="172.184.211.16:54272" X-SITE-DEPLOYMENT-ID="golf-n-vibes-spree" WAS-DEFAULT-HOSTNAME="golf-n-vibes-spree.scm.azurewebsites.net" X-Forwarded-Proto="https" X-AppService-Proto="https" X-Forwarded-TlsVersion="1.3" X-WAWS-Unencoded-URL="/api/deployments/30409a3e9f4d2082dc7ee176bcf9aa286d6fde031757674296943" X-MS-COLDSTART="1" >
  <step title="DeploymentService.Deploy(id)" date="2025-09-12T10:51:39.807" >
    <step title="Updating shutdown sentinel last write time" date="2025-09-12T10:51:39.838" SemaphoreCount="7" /><!-- duration: 0ms -->
    <step title="LockFile &apos;C:\home\site\locks\deployments.lock&apos; acquired" date="2025-09-12T10:51:39.838" /><!-- duration: 16ms -->
    <step title="DeploymentService.Create(id)" date="2025-09-12T10:51:39.853" /><!-- duration: 47ms -->
    <step title="LockFile &apos;C:\home\site\locks\deployments.lock&apos; released" date="2025-09-12T10:51:39.916" /><!-- duration: 0ms -->
    <step title="Deleting shutdown sentinel file" date="2025-09-12T10:51:39.916" SemaphoreCount="8" /><!-- duration: 0ms -->
  </step><!-- duration: 109ms -->
  <step title="Outgoing response" date="2025-09-12T10:51:39.963" type="response" statusCode="200" statusText="OK" Server="Microsoft-IIS/10.0" x-ms-request-id="7794e958-f195-42b5-844e-a63350eafb04" Cache-Control="private" X-AspNet-Version="4.0.30319" Content-Type="application/json; charset=utf-8" /><!-- duration: 16ms -->
</step><!-- duration: 406ms -->
