<step title="Incoming Request" date="2025-09-12T06:18:54.042" instance="92ca53" url="/api/deployments/d3b10eef60100aa8ebbf113a938527b9b64e46ec1757657931286" method="PUT" type="request" pid="7056,2,8" Connection="Keep-Alive" Content-Length="312" Content-Type="application/json; charset=utf-8" Authorization="Bea..." Host="golf-n-vibes-spree.scm.azurewebsites.net" User-Agent="GITHUBACTIONS_DeployWebAppToAzure_4ecb4ab1cbb8eb2e83bf90da032e16866c1f1a44d703668eebe37f8dd2a57d9c" X-ARR-LOG-ID="f40a5090-7823-4ea9-9e4d-094d4cf235da" CLIENT-IP="132.196.19.19:63488" X-SITE-DEPLOYMENT-ID="golf-n-vibes-spree" WAS-DEFAULT-HOSTNAME="golf-n-vibes-spree.scm.azurewebsites.net" X-Forwarded-Proto="https" X-AppService-Proto="https" X-Forwarded-TlsVersion="1.3" X-WAWS-Unencoded-URL="/api/deployments/d3b10eef60100aa8ebbf113a938527b9b64e46ec1757657931286" X-MS-COLDSTART="1" >
  <step title="DeploymentService.Deploy(id)" date="2025-09-12T06:18:54.276" >
    <step title="Updating shutdown sentinel last write time" date="2025-09-12T06:18:54.307" SemaphoreCount="7" /><!-- duration: 16ms -->
    <step title="LockFile &apos;C:\home\site\locks\deployments.lock&apos; acquired" date="2025-09-12T06:18:54.323" /><!-- duration: 0ms -->
    <step title="DeploymentService.Create(id)" date="2025-09-12T06:18:54.339" /><!-- duration: 62ms -->
    <step title="LockFile &apos;C:\home\site\locks\deployments.lock&apos; released" date="2025-09-12T06:18:54.401" /><!-- duration: 0ms -->
    <step title="Deleting shutdown sentinel file" date="2025-09-12T06:18:54.401" SemaphoreCount="8" /><!-- duration: 0ms -->
  </step><!-- duration: 141ms -->
  <step title="Outgoing response" date="2025-09-12T06:18:54.448" type="response" statusCode="200" statusText="OK" Server="Microsoft-IIS/10.0" x-ms-request-id="f40a5090-7823-4ea9-9e4d-094d4cf235da" Cache-Control="private" X-AspNet-Version="4.0.30319" Content-Type="application/json; charset=utf-8" /><!-- duration: 0ms -->
</step><!-- duration: 406ms -->
