<step title="Incoming Request" date="2025-09-12T11:21:41.217" instance="92ca53" url="/api/deployments/30409a3e9f4d2082dc7ee176bcf9aa286d6fde031757676098894" method="PUT" type="request" pid="7116,2,8" Connection="Keep-Alive" Content-Length="312" Content-Type="application/json; charset=utf-8" Authorization="Bea..." Host="golf-n-vibes-spree.scm.azurewebsites.net" User-Agent="GITHUBACTIONS_DeployWebAppToAzure_4ecb4ab1cbb8eb2e83bf90da032e16866c1f1a44d703668eebe37f8dd2a57d9c" X-ARR-LOG-ID="9d7e2cf3-50aa-4df4-9cb7-462df9606711" CLIENT-IP="20.98.23.162:2088" X-SITE-DEPLOYMENT-ID="golf-n-vibes-spree" WAS-DEFAULT-HOSTNAME="golf-n-vibes-spree.scm.azurewebsites.net" X-Forwarded-Proto="https" X-AppService-Proto="https" X-Forwarded-TlsVersion="1.3" X-WAWS-Unencoded-URL="/api/deployments/30409a3e9f4d2082dc7ee176bcf9aa286d6fde031757676098894" X-MS-COLDSTART="1" >
  <step title="DeploymentService.Deploy(id)" date="2025-09-12T11:21:41.467" >
    <step title="Updating shutdown sentinel last write time" date="2025-09-12T11:21:41.498" SemaphoreCount="7" /><!-- duration: 0ms -->
    <step title="LockFile &apos;C:\home\site\locks\deployments.lock&apos; acquired" date="2025-09-12T11:21:41.514" /><!-- duration: 0ms -->
    <step title="DeploymentService.Create(id)" date="2025-09-12T11:21:41.514" /><!-- duration: 63ms -->
    <step title="LockFile &apos;C:\home\site\locks\deployments.lock&apos; released" date="2025-09-12T11:21:41.576" /><!-- duration: 16ms -->
    <step title="Deleting shutdown sentinel file" date="2025-09-12T11:21:41.592" SemaphoreCount="8" /><!-- duration: 0ms -->
  </step><!-- duration: 125ms -->
  <step title="Outgoing response" date="2025-09-12T11:21:41.623" type="response" statusCode="200" statusText="OK" Server="Microsoft-IIS/10.0" x-ms-request-id="9d7e2cf3-50aa-4df4-9cb7-462df9606711" Cache-Control="private" X-AspNet-Version="4.0.30319" Content-Type="application/json; charset=utf-8" /><!-- duration: 16ms -->
</step><!-- duration: 422ms -->
