﻿<?xml version="1.0" encoding="utf-8"?>
<deployment>
  <id>10bcb8202a75bfcef08dbbdc7b5f2692abf759ee1757672461709</id>
  <author>codedalex</author>
  <deployer>GitHub</deployer>
  <authorEmail />
  <message>{"type":"Deployment","sha":"10bcb8202a75bfcef08dbbdc7b5f2692abf759ee","repoName":"codedalex/spree_starter","actor":"codedalex","slotName":"production"}</message>
  <progress />
  <status>Success</status>
  <statusText />
  <lastSuccessEndTime>2025-09-12T10:21:02.7186802Z</lastSuccessEndTime>
  <receivedTime>2025-09-12T10:21:02.7186802Z</receivedTime>
  <startTime>2025-09-12T10:21:02.7186802Z</startTime>
  <endTime>2025-09-12T10:21:02.7186802Z</endTime>
  <complete>True</complete>
  <is_temp>False</is_temp>
  <is_readonly>True</is_readonly>
  <project_type></project_type>
  <vsproject_id></vsproject_id>
</deployment>